name,description,address,phone,email,website,instagram,facebook,twitter,xing
N,D,AD,PH,petara94@mail.ru,site.com,https://www.instagram.com/wron_sfa,https://www.facebook.com/zuck,https://www.twitter.com/Google,https://www.xing.com/profile/Pet/cv
N,D,AD,PH,petara94@wrong.ru,site.com,https://www.instagram.com/lolkek,https://www.facebook.com/profile.php?id=100050059882094,https://www.twitter.com/wron_sfa,https://www.xing.com/profile/Petr_Ivanov13/cv
N,D,AD,PH,petara94@mail.ru,site.com,https://www.instagram.com/wron_sfa,https://www.facebook.com/zuck,https://www.twitter.com/Google,https://www.xing.com/profile/Pet/cv
N,D,AD,PH,petara94@wrong.ru,site.com,https://www.instagram.com/lolkek,https://www.facebook.com/profile.php?id=100050059882094,https://www.twitter.com/wron_sfa,https://www.xing.com/profile/Petr_Ivanov13/cv
N,D,AD,PH,petara94@mail.ru,site.com,https://www.instagram.com/wron_sfa,https://www.facebook.com/zuck,https://www.twitter.com/Google,https://www.xing.com/profile/Pet/cv
N,D,AD,PH,petara94@wrong.ru,site.com,https://www.instagram.com/lolkek,https://www.facebook.com/profile.php?id=100050059882094,https://www.twitter.com/wron_sfa,https://www.xing.com/profile/Petr_Ivanov13/cv
N,D,AD,PH,petara94@mail.ru,site.com,https://www.instagram.com/wron_sfa,https://www.facebook.com/zuck,https://www.twitter.com/Google,https://www.xing.com/profile/Pet/cv
N,D,AD,PH,petara94@wrong.ru,site.com,https://www.instagram.com/lolkek,https://www.facebook.com/profile.php?id=100050059882094,https://www.twitter.com/wron_sfa,https://www.xing.com/profile/Petr_Ivanov13/cv
N,D,AD,PH,petara94@mail.ru,site.com,https://www.instagram.com/wron_sfa,https://www.facebook.com/zuck,https://www.twitter.com/Google,https://www.xing.com/profile/Pet/cv
N,D,AD,PH,petara94@wrong.ru,site.com,https://www.instagram.com/lolkek,https://www.facebook.com/profile.php?id=100050059882094,https://www.twitter.com/wron_sfa,https://www.xing.com/profile/Petr_Ivanov13/cv
N,D,AD,PH,petara94@mail.ru,site.com,https://www.instagram.com/wron_sfa,https://www.facebook.com/zuck,https://www.twitter.com/Google,https://www.xing.com/profile/Pet/cv
N,D,AD,PH,petara94@wrong.ru,site.com,https://www.instagram.com/lolkek,https://www.facebook.com/profile.php?id=100050059882094,https://www.twitter.com/wron_sfa,https://www.xing.com/profile/Petr_Ivanov13/cv
N,D,AD,PH,petara94@mail.ru,site.com,https://www.instagram.com/wron_sfa,https://www.facebook.com/zuck,https://www.twitter.com/Google,https://www.xing.com/profile/Pet/cv
N,D,AD,PH,petara94@wrong.ru,site.com,https://www.instagram.com/lolkek,https://www.facebook.com/profile.php?id=100050059882094,https://www.twitter.com/wron_sfa,https://www.xing.com/profile/Petr_Ivanov13/cv
N,D,AD,PH,petara94@mail.ru,site.com,https://www.instagram.com/wron_sfa,https://www.facebook.com/zuck,https://www.twitter.com/Google,https://www.xing.com/profile/Pet/cv
N,D,AD,PH,petara94@wrong.ru,site.com,https://www.instagram.com/lolkek,https://www.facebook.com/profile.php?id=100050059882094,https://www.twitter.com/wron_sfa,https://www.xing.com/profile/Petr_Ivanov13/cv
N,D,AD,PH,petara94@mail.ru,site.com,https://www.instagram.com/wron_sfa,https://www.facebook.com/zuck,https://www.twitter.com/Google,https://www.xing.com/profile/Pet/cv
N,D,AD,PH,petara94@wrong.ru,site.com,https://www.instagram.com/lolkek,https://www.facebook.com/profile.php?id=100050059882094,https://www.twitter.com/wron_sfa,https://www.xing.com/profile/Petr_Ivanov13/cv
N,D,AD,PH,petara94@mail.ru,site.com,https://www.instagram.com/wron_sfa,https://www.facebook.com/zuck,https://www.twitter.com/Google,https://www.xing.com/profile/Pet/cv
N,D,AD,PH,petara94@wrong.ru,site.com,https://www.instagram.com/lolkek,https://www.facebook.com/profile.php?id=100050059882094,https://www.twitter.com/wron_sfa,https://www.xing.com/profile/Petr_Ivanov13/cv
N,D,AD,PH,petara94@mail.ru,site.com,https://www.instagram.com/wron_sfa,https://www.facebook.com/zuck,https://www.twitter.com/Google,https://www.xing.com/profile/Pet/cv
N,D,AD,PH,petara94@wrong.ru,site.com,https://www.instagram.com/lolkek,https://www.facebook.com/profile.php?id=100050059882094,https://www.twitter.com/wron_sfa,https://www.xing.com/profile/Petr_Ivanov13/cv
N,D,AD,PH,petara94@mail.ru,site.com,https://www.instagram.com/wron_sfa,https://www.facebook.com/zuck,https://www.twitter.com/Google,https://www.xing.com/profile/Pet/cv
N,D,AD,PH,petara94@wrong.ru,site.com,https://www.instagram.com/lolkek,https://www.facebook.com/profile.php?id=100050059882094,https://www.twitter.com/wron_sfa,https://www.xing.com/profile/Petr_Ivanov13/cv
N,D,AD,PH,petara94@mail.ru,site.com,https://www.instagram.com/wron_sfa,https://www.facebook.com/zuck,https://www.twitter.com/Google,https://www.xing.com/profile/Pet/cv
N,D,AD,PH,petara94@wrong.ru,site.com,https://www.instagram.com/lolkek,https://www.facebook.com/profile.php?id=100050059882094,https://www.twitter.com/wron_sfa,https://www.xing.com/profile/Petr_Ivanov13/cv
N,D,AD,PH,petara94@mail.ru,site.com,https://www.instagram.com/wron_sfa,https://www.facebook.com/zuck,https://www.twitter.com/Google,https://www.xing.com/profile/Pet/cv
N,D,AD,PH,petara94@wrong.ru,site.com,https://www.instagram.com/lolkek,https://www.facebook.com/profile.php?id=100050059882094,https://www.twitter.com/wron_sfa,https://www.xing.com/profile/Petr_Ivanov13/cv
N,D,AD,PH,petara94@mail.ru,site.com,https://www.instagram.com/wron_sfa,https://www.facebook.com/zuck,https://www.twitter.com/Google,https://www.xing.com/profile/Pet/cv
N,D,AD,PH,petara94@wrong.ru,site.com,https://www.instagram.com/lolkek,https://www.facebook.com/profile.php?id=100050059882094,https://www.twitter.com/wron_sfa,https://www.xing.com/profile/Petr_Ivanov13/cv
N,D,AD,PH,petara94@mail.ru,site.com,https://www.instagram.com/wron_sfa,https://www.facebook.com/zuck,https://www.twitter.com/Google,https://www.xing.com/profile/Pet/cv
N,D,AD,PH,petara94@wrong.ru,site.com,https://www.instagram.com/lolkek,https://www.facebook.com/profile.php?id=100050059882094,https://www.twitter.com/wron_sfa,https://www.xing.com/profile/Petr_Ivanov13/cv
